{
  "hash": "9750e502",
  "configHash": "4a4a451b",
  "lockfileHash": "4e1fb690",
  "browserHash": "7d764349",
  "optimized": {
    "@angular/common": {
      "src": "../../../../../../node_modules/@angular/common/fesm2022/common.mjs",
      "file": "@angular_common.js",
      "fileHash": "13d22257",
      "needsInterop": false
    },
    "@angular/core": {
      "src": "../../../../../../node_modules/@angular/core/fesm2022/core.mjs",
      "file": "@angular_core.js",
      "fileHash": "e3040998",
      "needsInterop": false
    },
    "@angular/forms": {
      "src": "../../../../../../node_modules/@angular/forms/fesm2022/forms.mjs",
      "file": "@angular_forms.js",
      "fileHash": "de005c53",
      "needsInterop": false
    },
    "@angular/platform-browser": {
      "src": "../../../../../../node_modules/@angular/platform-browser/fesm2022/platform-browser.mjs",
      "file": "@angular_platform-browser.js",
      "fileHash": "6880bd72",
      "needsInterop": false
    },
    "@angular/router": {
      "src": "../../../../../../node_modules/@angular/router/fesm2022/router.mjs",
      "file": "@angular_router.js",
      "fileHash": "9debef82",
      "needsInterop": false
    },
    "jspdf": {
      "src": "../../../../../../node_modules/jspdf/dist/jspdf.es.min.js",
      "file": "jspdf.js",
      "fileHash": "d46a2351",
      "needsInterop": false
    },
    "jspdf-autotable": {
      "src": "../../../../../../node_modules/jspdf-autotable/dist/jspdf.plugin.autotable.mjs",
      "file": "jspdf-autotable.js",
      "fileHash": "935adb59",
      "needsInterop": false
    },
    "xlsx": {
      "src": "../../../../../../node_modules/xlsx/xlsx.mjs",
      "file": "xlsx.js",
      "fileHash": "b7f17082",
      "needsInterop": false
    }
  },
  "chunks": {
    "html2canvas.esm-ZNF64ISW": {
      "file": "html2canvas__esm-ZNF64ISW.js"
    },
    "purify.es-GIQICOTZ": {
      "file": "purify__es-GIQICOTZ.js"
    },
    "index.es-TLIIYL3H": {
      "file": "index__es-TLIIYL3H.js"
    },
    "chunk-ZKE2BMO7": {
      "file": "chunk-ZKE2BMO7.js"
    },
    "chunk-EQIKJ6XV": {
      "file": "chunk-EQIKJ6XV.js"
    },
    "chunk-GVBPSLWL": {
      "file": "chunk-GVBPSLWL.js"
    },
    "chunk-TXDUYLVM": {
      "file": "chunk-TXDUYLVM.js"
    }
  }
}